"Time (s)","Latitude (°)","Longitude (°)","Altitude (m)","Altitude WGS84 (m)","Speed (m/s)","Direction (°)","Distance (km)","Horizontal Accuracy (m)","Vertical Accuracy (m)","Satellites"
1.687053980E-1,2.354635990E1,8.728909010E1,1.068427916E2,5.290000153E1,NaN,NaN,6.677330635E-2,1.636599922E1,1.876458526E0,0.000000000E0
2.524408228E0,2.354682002E1,8.728866918E1,1.000041922E2,4.606207275E1,5.500000119E-1,2.289999962E1,6.905685949E-2,8.955202103E0,1.170431519E1,0.000000000E0
3.525408384E0,2.354681549E1,8.728869103E1,1.002618370E2,4.631970215E1,6.000000238E-1,3.220000076E1,7.157766708E-2,6.414613247E0,8.374058723E0,2.400000000E1
4.527717133E0,2.354680118E1,8.728867185E1,9.714599714E1,4.320385742E1,4.900000095E-1,4.250000000E1,7.278172266E-2,5.850711346E0,7.171324730E0,2.600000000E1
5.523512602E0,2.354679266E1,8.728866456E1,9.817163685E1,4.422949219E1,4.499999881E-1,4.470000076E1,7.374562031E-2,4.615048885E0,5.748317719E0,2.700000000E1
6.525329841E0,2.354678407E1,8.728866583E1,9.731330871E1,4.337115479E1,7.099999785E-1,2.620000076E1,7.389535646E-2,3.908916950E0,4.799958706E0,2.800000000E1
7.525219163E0,2.354678274E1,8.728866606E1,9.646894981E1,4.252679443E1,5.699999928E-1,3.429999924E1,7.400255225E-2,3.790092468E0,4.812598228E0,2.800000000E1
8.524214528E0,2.354678319E1,8.728866699E1,9.677559044E1,4.283343506E1,8.500000238E-1,3.770000076E1,7.451022065E-2,3.790092468E0,4.942319393E0,2.800000000E1
9.526724423E0,2.354678763E1,8.728866815E1,9.651398987E1,4.257183838E1,8.299999833E-1,3.420000076E1,7.561349717E-2,3.841585636E0,5.185438156E0,2.800000000E1
1.052508192E1,2.354679691E1,8.728867198E1,9.535877004E1,4.141662598E1,8.899999857E-1,2.700000000E1,7.677139171E-2,3.790092468E0,4.974379539E0,2.800000000E1
1.152406593E1,2.354680621E1,8.728867709E1,9.438635112E1,4.044421387E1,8.799999952E-1,3.200000000E1,7.763722040E-2,3.790092468E0,4.795243263E0,2.800000000E1
1.252654067E1,2.354681219E1,8.728868253E1,9.278588394E1,3.884375000E1,4.900000095E-1,2.329999924E1,7.872128484E-2,3.790092468E0,4.687513351E0,2.700000000E1
1.352654187E1,2.354682126E1,8.728868643E1,9.356096221E1,3.961883545E1,8.299999833E-1,2.679999924E1,8.000698566E-2,3.790092468E0,4.646251202E0,2.700000000E1
1.452604338E1,2.354683086E1,8.728869346E1,9.241471581E1,3.847259521E1,7.300000191E-1,3.189999962E1,8.104756829E-2,3.790092468E0,4.642072678E0,2.700000000E1
1.552540228E1,2.354683580E1,8.728870213E1,9.155143388E1,3.760931396E1,6.700000167E-1,3.440000153E1,8.209391023E-2,3.790092468E0,4.391970634E0,2.600000000E1
1.652566296E1,2.354684052E1,8.728871101E1,9.037113568E1,3.642901611E1,6.700000167E-1,3.490000153E1,8.309391718E-2,3.790092468E0,4.078638554E0,2.600000000E1
1.752556411E1,2.354684501E1,8.728871951E1,9.087430920E1,3.693218994E1,7.900000215E-1,3.350000000E1,8.387946824E-2,3.790092468E0,3.741693735E0,2.700000000E1
1.852644890E1,2.354685029E1,8.728872463E1,9.103446268E1,3.709234619E1,7.200000286E-1,2.579999924E1,8.465250206E-2,3.790092468E0,3.459431648E0,2.700000000E1
1.952773702E1,2.354685541E1,8.728872976E1,9.156693078E1,3.762481689E1,7.099999785E-1,3.100000000E1,8.549972633E-2,3.790092468E0,3.361097097E0,2.700000000E1
2.052560874E1,2.354685931E1,8.728873690E1,9.146048508E1,3.751837158E1,7.599999905E-1,3.179999924E1,8.626228843E-2,3.790092468E0,3.315213203E0,2.800000000E1
2.152775379E1,2.354686431E1,8.728874202E1,9.123184490E1,3.728973389E1,6.999999881E-1,2.639999962E1,8.689999336E-2,3.790092468E0,3.372430563E0,2.700000000E1
2.252816270E1,2.354686942E1,8.728874486E1,9.200802525E1,3.806591797E1,6.999999881E-1,2.110000038E1,8.752841164E-2,3.790092468E0,3.422011137E0,2.700000000E1
2.352803530E1,2.354687459E1,8.728874735E1,9.300228398E1,3.906018066E1,7.099999785E-1,2.500000000E1,8.830634911E-2,3.790092468E0,3.353660583E0,2.700000000E1
2.452661353E1,2.354688108E1,8.728875020E1,9.290706403E1,3.896496582E1,7.500000000E-1,1.519999981E1,8.913187440E-2,3.790092468E0,3.249986887E0,2.700000000E1
2.552763181E1,2.354688850E1,8.728875047E1,9.328889265E1,3.934680176E1,7.300000191E-1,0.000000000E0,9.014241128E-2,3.790092468E0,3.177539825E0,2.800000000E1
2.652736749E1,2.354689734E1,8.728875277E1,9.381885317E1,3.987677002E1,8.399999738E-1,1.839999962E1,9.103211740E-2,3.790092468E0,3.112499952E0,2.800000000E1
2.752721473E1,2.354690380E1,8.728875792E1,9.277661290E1,3.883453369E1,7.300000191E-1,3.929999924E1,9.216951061E-2,3.790092468E0,3.072957516E0,2.800000000E1
2.852614916E1,2.354691139E1,8.728876540E1,9.408904794E1,4.014697266E1,8.100000024E-1,4.109999847E1,9.264622856E-2,3.790092468E0,3.001944780E0,2.800000000E1
2.953208869E1,2.354691464E1,8.728876845E1,9.479540604E1,4.085333252E1,7.900000215E-1,2.629999924E1,9.338515606E-2,3.790092468E0,3.057303905E0,2.800000000E1
3.052695863E1,2.354692003E1,8.728877269E1,9.617620107E1,4.223413086E1,9.499999881E-1,2.920000076E1,9.422162304E-2,3.790092468E0,2.937047958E0,2.800000000E1
3.152757363E1,2.354692522E1,8.728877863E1,9.607829840E1,4.213623047E1,9.499999881E-1,2.889999962E1,9.484342262E-2,3.790092468E0,2.890397310E0,2.800000000E1
3.252673400E1,2.354692841E1,8.728878364E1,9.597441584E1,4.203234863E1,8.199999928E-1,3.500000000E1,9.555295483E-2,3.790092468E0,2.774785995E0,2.700000000E1
3.352487473E1,2.354692973E1,8.728879045E1,9.625902481E1,4.231695557E1,7.900000215E-1,4.120000076E1,9.657473675E-2,3.790092468E0,2.635450125E0,2.700000000E1
3.452522874E1,2.354693297E1,8.728879983E1,9.615618196E1,4.221411133E1,9.800000191E-1,5.920000076E1,9.760771668E-2,3.790092468E0,2.503318071E0,2.700000000E1
3.552475019E1,2.354693519E1,8.728880967E1,9.586877004E1,4.192669678E1,9.300000072E-1,7.259999847E1,9.855133689E-2,3.790092468E0,2.500000000E0,2.600000000E1
3.652575613E1,2.354693826E1,8.728881830E1,9.582067552E1,4.187860107E1,8.899999857E-1,6.590000153E1,9.951894690E-2,3.790092468E0,2.500000000E0,2.600000000E1
3.752809212E1,2.354694258E1,8.728882654E1,9.581365622E1,4.187158203E1,9.499999881E-1,6.129999924E1,1.003467484E-1,3.790092468E0,2.500000000E0,2.500000000E1
3.852568025E1,2.354694780E1,8.728883233E1,9.492998684E1,4.098791504E1,8.199999928E-1,5.559999847E1,1.012251425E-1,3.790092468E0,2.500000000E0,2.500000000E1
3.952897525E1,2.354695316E1,8.728883866E1,9.494542648E1,4.100335693E1,9.300000072E-1,5.179999924E1,1.021858682E-1,3.790092468E0,2.500000000E0,2.600000000E1
4.052513926E1,2.354695706E1,8.728884707E1,9.432439401E1,4.038232422E1,8.999999762E-1,5.140000153E1,1.031583007E-1,3.790092468E0,2.500000000E0,2.600000000E1
4.152808915E1,2.354696307E1,8.728885400E1,9.458214286E1,4.064007568E1,9.800000191E-1,3.740000153E1,1.040912443E-1,3.790092468E0,2.500000000E0,2.800000000E1
4.252652852E1,2.354696893E1,8.728886055E1,9.448564364E1,4.054357910E1,1.049999952E0,2.920000076E1,1.050527620E-1,3.790092468E0,2.500000000E0,2.800000000E1
4.352769316E1,2.354697517E1,8.728886708E1,9.390885837E1,3.996679688E1,1.019999981E0,3.070000076E1,1.059207468E-1,3.790092468E0,2.500000000E0,2.800000000E1
4.452641457E1,2.354698101E1,8.728887273E1,9.296067414E1,3.901861572E1,9.800000191E-1,2.629999924E1,1.067898105E-1,3.790092468E0,2.500000000E0,2.800000000E1
4.552982352E1,2.354698711E1,8.728887806E1,9.232053393E1,3.837847900E1,9.900000095E-1,2.550000000E1,1.076917467E-1,3.790092468E0,2.500000000E0,2.800000000E1
4.652627462E1,2.354699339E1,8.728888366E1,9.180221985E1,3.786016846E1,9.900000095E-1,2.920000076E1,1.086207611E-1,3.790092468E0,2.500000000E0,2.800000000E1
4.752472847E1,2.354699975E1,8.728888957E1,9.151669392E1,3.757464600E1,9.700000286E-1,3.570000076E1,1.095982095E-1,3.790092468E0,2.500000000E0,2.700000000E1
4.852761134E1,2.354700809E1,8.728889260E1,9.075673831E1,3.681469727E1,9.599999785E-1,1.939999962E1,1.106253883E-1,3.790092468E0,2.500000000E0,2.700000000E1
4.952932857E1,2.354701660E1,8.728889652E1,9.038295240E1,3.644091797E1,9.700000286E-1,2.479999924E1,1.115944421E-1,3.790092468E0,2.500000000E0,2.400000000E1
5.052400238E1,2.354702471E1,8.728890000E1,9.028229900E1,3.634027100E1,1.000000000E0,2.700000000E1,1.125462470E-1,3.790092468E0,2.500000000E0,2.500000000E1
5.152720107E1,2.354703225E1,8.728890442E1,8.998950796E1,3.604748535E1,9.900000095E-1,2.700000000E1,1.135783461E-1,3.790092468E0,2.500000000E0,2.400000000E1
5.252871602E1,2.354704009E1,8.728890984E1,8.945593343E1,3.551391602E1,1.000000000E0,3.250000000E1,1.143573788E-1,3.790092468E0,2.500000000E0,2.400000000E1
5.352371227E1,2.354704621E1,8.728891356E1,8.938073381E1,3.543872070E1,9.100000262E-1,3.139999962E1,1.152976688E-1,3.790092468E0,2.500000000E0,2.400000000E1
5.453354399E1,2.354705398E1,8.728891720E1,8.902806667E1,3.508605957E1,1.000000000E0,3.170000076E1,1.160291869E-1,3.790092468E0,2.500000000E0,2.400000000E1
5.552645800E1,2.354706029E1,8.728891923E1,8.899308819E1,3.505108643E1,1.009999990E0,2.529999924E1,1.169903802E-1,3.790092468E0,2.500000000E0,2.500000000E1
5.652750347E1,2.354706855E1,8.728892201E1,8.835898703E1,3.441699219E1,1.000000000E0,3.650000000E1,1.181159647E-1,3.790092468E0,2.500000000E0,2.500000000E1
5.752446284E1,2.354707821E1,8.728892531E1,8.827224800E1,3.433026123E1,1.029999971E0,2.789999962E1,1.192371020E-1,3.790092468E0,2.500000000E0,2.500000000E1
5.852826237E1,2.354708797E1,8.728892807E1,8.834468829E1,3.440270996E1,9.300000072E-1,3.200000000E1,1.202421418E-1,3.790092468E0,2.500000000E0,2.500000000E1
5.952690831E1,2.354709683E1,8.728893002E1,8.824464373E1,3.430267334E1,9.700000286E-1,2.789999962E1,1.213851945E-1,3.790092468E0,2.500000000E0,2.700000000E1
6.052530732E1,2.354710676E1,8.728893292E1,8.813001116E1,3.418804932E1,9.900000095E-1,3.060000038E1,1.224369829E-1,3.790092468E0,2.500000000E0,2.700000000E1
6.152556117E1,2.354711535E1,8.728893724E1,8.773986795E1,3.379791260E1,9.900000095E-1,3.490000153E1,1.235144023E-1,3.790092468E0,2.500000000E0,2.700000000E1
6.252718196E1,2.354712444E1,8.728894090E1,8.756438455E1,3.362243652E1,9.900000095E-1,3.110000038E1,1.245710268E-1,3.790092468E0,2.500000000E0,2.700000000E1
6.352536164E1,2.354713327E1,8.728894473E1,8.725352552E1,3.331158447E1,9.800000191E-1,2.989999962E1,1.256448568E-1,3.790092468E0,2.500000000E0,2.700000000E1
6.452763815E1,2.354714172E1,8.728894983E1,8.688096096E1,3.293902588E1,1.000000000E0,4.040000153E1,1.266448446E-1,3.790092468E0,2.500000000E0,2.700000000E1
6.552631956E1,2.354714989E1,8.728895393E1,8.644815449E1,3.250622559E1,8.999999762E-1,3.579999924E1,1.277090010E-1,3.790092468E0,2.500000000E0,2.500000000E1
6.652482445E1,2.354715849E1,8.728895851E1,8.654446159E1,3.260253906E1,1.009999990E0,2.920000076E1,1.287000890E-1,3.790092468E0,2.500000000E0,2.500000000E1
6.752784393E1,2.354716683E1,8.728896194E1,8.648506770E1,3.254315186E1,9.900000095E-1,2.339999962E1,1.295778431E-1,3.790092468E0,2.500000000E0,2.500000000E1
6.852713763E1,2.354717390E1,8.728896577E1,8.650465477E1,3.256274414E1,9.300000072E-1,3.020000076E1,1.304640865E-1,3.790092468E0,2.500000000E0,2.600000000E1
6.952809289E1,2.354718049E1,8.728897066E1,8.628480193E1,3.234289551E1,1.009999990E0,3.390000153E1,1.314882595E-1,3.790092468E0,2.500000000E0,2.600000000E1
7.052568695E1,2.354718865E1,8.728897532E1,8.589240102E1,3.195050049E1,1.049999952E0,2.910000038E1,1.326011208E-1,3.790092468E0,2.500000000E0,2.500000000E1
7.153154221E1,2.354719729E1,8.728898083E1,8.588104252E1,3.193914795E1,1.029999971E0,3.550000000E1,1.336548317E-1,3.790092468E0,2.500000000E0,2.500000000E1
7.252921893E1,2.354720500E1,8.728898684E1,8.548742203E1,3.154553223E1,1.080000043E0,3.529999924E1,1.346421760E-1,3.790092468E0,2.500000000E0,2.500000000E1
7.352674372E1,2.354721297E1,8.728899111E1,8.507597814E1,3.113409424E1,1.009999990E0,2.839999962E1,1.357531042E-1,3.790092468E0,2.500000000E0,2.600000000E1
7.452872393E1,2.354722240E1,8.728899471E1,8.491227416E1,3.097039795E1,1.009999990E0,3.279999924E1,1.369845840E-1,3.790092468E0,2.500000000E0,2.600000000E1
7.552910117E1,2.354723303E1,8.728899810E1,8.475986037E1,3.081799316E1,1.049999952E0,2.720000076E1,1.380641443E-1,3.790092468E0,2.500000000E0,2.600000000E1
7.652815377E1,2.354724136E1,8.728900354E1,8.456539668E1,3.062353516E1,1.009999990E0,3.290000153E1,1.391506518E-1,3.790092468E0,2.500000000E0,2.700000000E1
7.752421461E1,2.354725017E1,8.728900815E1,8.429414987E1,3.035229492E1,9.800000191E-1,3.429999924E1,1.403264780E-1,3.790092468E0,2.500000000E0,2.700000000E1
7.852700362E1,2.354725944E1,8.728901370E1,8.405104027E1,3.010919189E1,1.049999952E0,3.400000000E1,1.414526448E-1,3.790092468E0,2.500000000E0,2.700000000E1
7.952775101E1,2.354726795E1,8.728901969E1,8.399347853E1,3.005163574E1,1.049999952E0,3.220000076E1,1.426051623E-1,3.790092468E0,2.500000000E0,2.700000000E1
8.052534247E1,2.354727749E1,8.728902411E1,8.419799994E1,3.025616455E1,1.029999971E0,2.689999962E1,1.437317387E-1,3.790092468E0,2.500000000E0,2.700000000E1
8.152617690E1,2.354728678E1,8.728902852E1,8.417443321E1,3.023260498E1,9.800000191E-1,2.760000038E1,1.447773506E-1,3.790092468E0,2.500000000E0,2.700000000E1
8.252482940E1,2.354729527E1,8.728903293E1,8.428184874E1,3.034002686E1,9.599999785E-1,2.839999962E1,1.460182893E-1,3.790092468E0,2.500000000E0,2.700000000E1
8.352652518E1,2.354730524E1,8.728903840E1,8.480002990E1,3.085821533E1,9.700000286E-1,3.259999847E1,1.470632521E-1,3.790092468E0,2.500000000E0,2.700000000E1
8.452642476E1,2.354731271E1,8.728904462E1,8.512497664E1,3.118316650E1,9.800000191E-1,3.490000153E1,1.482764811E-1,3.790092468E0,2.500000000E0,2.700000000E1
8.552898512E1,2.354732146E1,8.728905173E1,8.541995427E1,3.147814941E1,1.070000052E0,3.240000153E1,1.494409483E-1,3.790092468E0,2.500000000E0,2.700000000E1
8.652725283E1,2.354732982E1,8.728905861E1,8.573263238E1,3.179083252E1,1.070000052E0,3.240000153E1,1.507065905E-1,3.790092468E0,2.500000000E0,2.700000000E1
8.752365929E1,2.354733979E1,8.728906460E1,8.620076497E1,3.225897217E1,1.080000043E0,3.000000000E1,1.516479596E-1,3.790092468E0,2.500000000E0,2.600000000E1
8.852688856E1,2.354734613E1,8.728907072E1,8.625044424E1,3.230865479E1,1.029999971E0,2.720000076E1,1.526168532E-1,3.790092468E0,2.500000000E0,2.600000000E1
8.952757913E1,2.354735375E1,8.728907533E1,8.617390078E1,3.223211670E1,1.070000052E0,2.329999924E1,1.536145707E-1,3.790092468E0,2.500000000E0,2.800000000E1
9.052476590E1,2.354736167E1,8.728907993E1,8.657642195E1,3.263464355E1,1.000000000E0,2.529999924E1,1.545860265E-1,3.790092468E0,2.500000000E0,2.800000000E1
9.152758153E1,2.354736913E1,8.728908489E1,8.708966153E1,3.314788818E1,1.019999981E0,3.160000038E1,1.556659928E-1,3.790092468E0,2.500000000E0,2.800000000E1
9.252673799E1,2.354737687E1,8.728909129E1,8.738879022E1,3.344702148E1,1.029999971E0,3.379999924E1,1.566616599E-1,3.790092468E0,2.500000000E0,2.800000000E1
9.352429694E1,2.354738460E1,8.728909622E1,8.764763498E1,3.370587158E1,1.039999962E0,3.179999924E1,1.578804409E-1,3.790092468E0,2.500000000E0,2.800000000E1
9.452776189E1,2.354739424E1,8.728910191E1,8.762766961E1,3.368591309E1,1.000000000E0,3.189999962E1,1.588757387E-1,3.790092468E0,2.500000000E0,2.800000000E1
9.552724626E1,2.354740274E1,8.728910497E1,8.721335594E1,3.327160645E1,1.029999971E0,2.810000038E1,1.599263923E-1,3.790092468E0,2.575693130E0,2.700000000E1
9.652711538E1,2.354741093E1,8.728911011E1,8.758694644E1,3.364520264E1,1.059999943E0,3.470000076E1,1.608882307E-1,3.790092468E0,2.555150509E0,2.700000000E1
9.752490705E1,2.354741826E1,8.728911512E1,8.763497622E1,3.369323730E1,1.029999971E0,2.960000038E1,1.618754781E-1,3.790092468E0,2.639052391E0,2.700000000E1
9.852837267E1,2.354742657E1,8.728911853E1,8.751930794E1,3.357757568E1,1.000000000E0,2.400000000E1,1.630688109E-1,3.790092468E0,2.607797384E0,2.700000000E1
9.952901179E1,2.354743558E1,8.728912489E1,8.731721462E1,3.337548828E1,1.149999976E0,3.720000076E1,1.642051799E-1,3.790092468E0,2.545497656E0,2.700000000E1
1.005292577E2,2.354744493E1,8.728912939E1,8.723474895E1,3.329302979E1,1.070000052E0,2.529999924E1,1.652632492E-1,3.790092468E0,2.500000000E0,2.700000000E1
1.015253728E2,2.354745397E1,8.728913263E1,8.711499050E1,3.317327881E1,1.039999962E0,2.029999924E1,1.664449130E-1,3.790092468E0,2.500000000E0,2.700000000E1
1.025291904E2,2.354746354E1,8.728913767E1,8.674950485E1,3.280780029E1,1.110000014E0,3.010000038E1,1.675467402E-1,3.790092468E0,2.500000000E0,2.700000000E1
1.035282791E2,2.354747288E1,8.728914128E1,8.696659930E1,3.302490234E1,1.059999943E0,1.929999924E1,1.686433811E-1,3.790092468E0,2.500000000E0,2.700000000E1
1.045290767E2,2.354748125E1,8.728914697E1,8.697288032E1,3.303118896E1,1.080000043E0,2.600000000E1,1.696777926E-1,3.790092468E0,2.500000000E0,2.600000000E1
1.055268204E2,2.354748905E1,8.728915250E1,8.718759690E1,3.324591064E1,1.039999962E0,2.700000000E1,1.707316615E-1,3.790092468E0,2.500000000E0,2.600000000E1
1.065267981E2,2.354749716E1,8.728915785E1,8.711972030E1,3.317803955E1,9.900000095E-1,3.050000000E1,1.718369276E-1,3.790092468E0,2.500000000E0,2.600000000E1
1.075283024E2,2.354750579E1,8.728916323E1,8.723635247E1,3.329467773E1,1.070000052E0,2.579999924E1,1.731104146E-1,3.790092468E0,2.500000000E0,2.600000000E1
1.085278051E2,2.354751513E1,8.728917046E1,8.685121482E1,3.290954590E1,1.200000048E0,2.770000076E1,1.743220641E-1,3.790092468E0,2.500000000E0,2.600000000E1
1.095300858E2,2.354752441E1,8.728917669E1,8.635303963E1,3.241137695E1,1.190000057E0,2.460000038E1,1.753363469E-1,3.790092468E0,2.500000000E0,2.600000000E1
1.105250704E2,2.354753217E1,8.728918192E1,8.605579320E1,3.211413574E1,1.059999943E0,2.510000038E1,1.764048847E-1,3.790092468E0,2.500000000E0,2.600000000E1
1.115297554E2,2.354754106E1,8.728918590E1,8.623004160E1,3.228839111E1,1.080000043E0,2.370000076E1,1.774960716E-1,3.790092468E0,2.500000000E0,2.600000000E1
1.125275938E2,2.354755045E1,8.728918901E1,8.638286574E1,3.244122314E1,1.080000043E0,2.479999924E1,1.786790593E-1,3.790092468E0,2.500000000E0,2.600000000E1
1.135286044E2,2.354756042E1,8.728919306E1,8.628648321E1,3.234484863E1,1.110000014E0,2.560000038E1,1.797646183E-1,3.790092468E0,2.500000000E0,2.500000000E1
1.145242122E2,2.354756954E1,8.728919686E1,8.588468149E1,3.194305420E1,1.110000014E0,2.900000000E1,1.807088291E-1,3.790092468E0,2.500000000E0,2.500000000E1
1.155271305E2,2.354757683E1,8.728920161E1,8.597165160E1,3.203002930E1,1.059999943E0,3.290000153E1,1.816867211E-1,3.790092468E0,2.500000000E0,2.400000000E1
1.165273525E2,2.354758408E1,8.728920704E1,8.618624661E1,3.224462891E1,1.070000052E0,3.540000153E1,1.825147066E-1,3.790092468E0,2.500000000E0,2.400000000E1
1.175267614E2,2.354759042E1,8.728921130E1,8.542904019E1,3.148742676E1,1.070000052E0,2.850000000E1,1.833779607E-1,3.790092468E0,2.500000000E0,2.400000000E1
1.185267568E2,2.354759751E1,8.728921475E1,8.547029454E1,3.152868652E1,9.900000095E-1,2.100000000E1,1.844424985E-1,3.790092468E0,2.500000000E0,2.400000000E1
1.195272219E2,2.354760605E1,8.728921947E1,8.539613057E1,3.145452881E1,1.009999990E0,2.400000000E1,1.855732464E-1,3.790092468E0,2.500000000E0,2.400000000E1
1.205269737E2,2.354761447E1,8.728922569E1,8.553479706E1,3.159320068E1,1.070000052E0,3.089999962E1,1.867082111E-1,3.790092468E0,2.500000000E0,2.400000000E1
1.215267564E2,2.354762374E1,8.728923035E1,8.516003419E1,3.121844482E1,1.070000052E0,2.250000000E1,1.877694702E-1,3.790092468E0,2.500000000E0,2.300000000E1
1.225237503E2,2.354763178E1,8.728923596E1,8.488738484E1,3.094580078E1,1.070000052E0,3.300000000E1,1.888676578E-1,3.790092468E0,2.500000000E0,2.500000000E1
1.235266518E2,2.354763887E1,8.728924346E1,8.432390485E1,3.038232422E1,1.049999952E0,4.740000153E1,1.900010259E-1,3.790092468E0,2.500000000E0,2.400000000E1
1.245262532E2,2.354764655E1,8.728925077E1,8.403441100E1,3.009283447E1,1.070000052E0,4.179999924E1,1.911506366E-1,3.790092468E0,2.500000000E0,2.400000000E1
1.255269485E2,2.354765494E1,8.728925736E1,8.391959869E1,2.997802734E1,1.080000043E0,3.779999924E1,1.922749198E-1,3.790092468E0,2.500000000E0,2.400000000E1
1.265256679E2,2.354766354E1,8.728926316E1,8.354782778E1,2.960626221E1,1.080000043E0,3.370000076E1,1.932368658E-1,3.790092468E0,2.500000000E0,2.400000000E1
1.275271598E2,2.354767053E1,8.728926872E1,8.358621461E1,2.964465332E1,1.039999962E0,3.170000076E1,1.943940580E-1,3.790092468E0,2.500000000E0,2.500000000E1
1.285270963E2,2.354767750E1,8.728927715E1,8.340933189E1,2.946777344E1,1.190000057E0,4.390000153E1,1.954924384E-1,3.790092468E0,2.500000000E0,2.500000000E1
1.295272482E2,2.354768517E1,8.728928394E1,8.338057998E1,2.943902588E1,1.100000024E0,3.790000153E1,1.965896197E-1,3.790092468E0,2.500000000E0,2.400000000E1
1.305268001E2,2.354769143E1,8.728929226E1,8.315120768E1,2.920965576E1,1.090000033E0,5.529999924E1,1.978531609E-1,3.790092468E0,2.500000000E0,2.700000000E1
1.315234771E2,2.354770087E1,8.728929916E1,8.305238568E1,2.911083984E1,1.100000024E0,4.040000153E1,1.990983995E-1,3.790092468E0,2.500000000E0,2.600000000E1
1.325259250E2,2.354771063E1,8.728930515E1,8.326636809E1,2.932482910E1,1.080000043E0,3.479999924E1,2.003789024E-1,3.790092468E0,2.500000000E0,2.600000000E1
1.335274393E2,2.354772101E1,8.728931059E1,8.366260058E1,2.972106934E1,1.080000043E0,3.379999924E1,2.015972257E-1,3.790092468E0,2.500000000E0,2.600000000E1
1.345268237E2,2.354773067E1,8.728931623E1,8.370721036E1,2.976568604E1,1.080000043E0,3.200000000E1,2.027927861E-1,3.790092468E0,2.500000000E0,2.600000000E1
1.355268265E2,2.354773987E1,8.728932230E1,8.417271924E1,3.023120117E1,1.080000043E0,3.189999962E1,2.040506863E-1,3.790092468E0,2.500000000E0,2.600000000E1
1.365272812E2,2.354774974E1,8.728932833E1,8.461625478E1,3.067474365E1,1.039999962E0,2.650000000E1,2.053588009E-1,3.790092468E0,2.500000000E0,2.600000000E1
1.375305908E2,2.354775872E1,8.728933662E1,8.467624741E1,3.073474121E1,1.090000033E0,3.550000000E1,2.064878140E-1,3.790092468E0,2.500000000E0,2.500000000E1
1.385269656E2,2.354776677E1,8.728934337E1,8.497128660E1,3.102978516E1,1.039999962E0,4.059999847E1,2.077105219E-1,3.790092468E0,2.500000000E0,2.500000000E1
1.395279590E2,2.354777646E1,8.728934904E1,8.510708288E1,3.116558838E1,1.120000005E0,3.000000000E1,2.087449289E-1,3.790092468E0,2.500000000E0,2.500000000E1
1.405256076E2,2.354778376E1,8.728935533E1,8.549111186E1,3.154962158E1,1.070000052E0,4.840000153E1,2.098860978E-1,3.790092468E0,2.500000000E0,2.500000000E1
1.415274204E2,2.354779291E1,8.728936040E1,8.566877850E1,3.172729492E1,1.070000052E0,3.259999847E1,2.113429855E-1,3.790092468E0,2.500000000E0,2.500000000E1
1.425262373E2,2.354780426E1,8.728936754E1,8.567713244E1,3.173565674E1,1.090000033E0,3.129999924E1,2.126767360E-1,3.790092468E0,2.500000000E0,2.500000000E1
1.435269458E2,2.354781459E1,8.728937419E1,8.586572397E1,3.192425537E1,1.090000033E0,3.309999847E1,2.139767314E-1,3.790092468E0,2.500000000E0,2.500000000E1
1.445260327E2,2.354782557E1,8.728937857E1,8.638658912E1,3.244512939E1,1.090000033E0,3.129999924E1,2.152524131E-1,3.790092468E0,2.500000000E0,2.700000000E1
1.455301819E2,2.354783534E1,8.728938513E1,8.636576955E1,3.242431641E1,1.100000024E0,4.050000000E1,2.164675425E-1,3.790092468E0,2.561784267E0,2.700000000E1
1.465254337E2,2.354784516E1,8.728939036E1,8.570786432E1,3.176641846E1,1.139999986E0,3.329999924E1,2.176102632E-1,3.790092468E0,2.500000000E0,2.700000000E1
1.475280428E2,2.354785446E1,8.728939513E1,8.464102383E1,3.069958496E1,9.800000191E-1,3.570000076E1,2.187761935E-1,3.790092468E0,2.500000000E0,2.700000000E1
1.485290181E2,2.354786385E1,8.728940022E1,8.444753546E1,3.050610352E1,1.100000024E0,2.800000000E1,2.198389275E-1,3.790092468E0,2.500000000E0,2.700000000E1
1.495258327E2,2.354787248E1,8.728940470E1,8.408058564E1,3.013916016E1,1.049999952E0,3.520000076E1,2.208901671E-1,3.790092468E0,2.500000000E0,2.700000000E1
1.505276784E2,2.354788059E1,8.728941000E1,8.414637600E1,3.020495605E1,1.059999943E0,3.550000000E1,2.219435774E-1,3.790092468E0,2.500000000E0,2.600000000E1
1.515280191E2,2.354788929E1,8.728941409E1,8.420197231E1,3.026055908E1,1.110000014E0,2.739999962E1,2.231239382E-1,3.790092468E0,2.500000000E0,2.500000000E1
1.525277388E2,2.354789969E1,8.728941641E1,8.449731212E1,3.055590820E1,1.120000005E0,2.150000000E1,2.241414357E-1,3.790092468E0,2.500000000E0,2.500000000E1
1.535243931E2,2.354790830E1,8.728941979E1,8.420903609E1,3.026763916E1,1.000000000E0,2.339999962E1,2.252433473E-1,3.790092468E0,2.500000000E0,2.600000000E1
1.545277234E2,2.354791738E1,8.728942412E1,8.418229570E1,3.024090576E1,1.139999986E0,2.800000000E1,2.263754794E-1,3.790092468E0,2.500000000E0,2.700000000E1
1.555292068E2,2.354792692E1,8.728942800E1,8.351718793E1,2.957580566E1,1.100000024E0,2.589999962E1,2.275191735E-1,3.790092468E0,2.500000000E0,2.700000000E1
1.565282468E2,2.354793601E1,8.728943325E1,8.348129272E1,2.953991699E1,1.090000033E0,2.650000000E1,2.286890909E-1,3.790092468E0,2.500000000E0,2.700000000E1
1.575277946E2,2.354794555E1,8.728943809E1,8.341677136E1,2.947540283E1,1.129999995E0,2.450000000E1,2.297402716E-1,3.790092468E0,2.500000000E0,2.700000000E1
1.585242682E2,2.354795463E1,8.728944096E1,8.414241062E1,3.020104980E1,1.100000024E0,2.329999924E1,2.307211314E-1,3.790092468E0,2.500000000E0,2.700000000E1
1.595253046E2,2.354796269E1,8.728944487E1,8.412061490E1,3.017926025E1,1.070000052E0,2.700000000E1,2.318147034E-1,3.790092468E0,2.500000000E0,2.700000000E1
1.605283985E2,2.354797149E1,8.728944966E1,8.378827199E1,2.984692383E1,1.090000033E0,3.000000000E1,2.328195419E-1,3.790092468E0,2.500000000E0,2.700000000E1
1.615253958E2,2.354797902E1,8.728945511E1,8.394305227E1,3.000170898E1,1.080000043E0,2.900000000E1,2.337575063E-1,3.790092468E0,2.500000000E0,2.700000000E1
1.625286526E2,2.354798585E1,8.728946051E1,8.375701292E1,2.981567383E1,1.120000005E0,2.920000076E1,2.346469148E-1,3.790092468E0,2.500000000E0,2.700000000E1
1.635275712E2,2.354799230E1,8.728946567E1,8.347636933E1,2.953503418E1,1.059999943E0,3.010000038E1,2.354760526E-1,3.790092468E0,2.500000000E0,2.700000000E1
1.645269426E2,2.354799786E1,8.728947109E1,8.330461349E1,2.936328125E1,1.100000024E0,2.870000076E1,2.363085028E-1,3.790092468E0,2.500000000E0,2.700000000E1
1.655276335E2,2.354800259E1,8.728947742E1,8.338291996E1,2.944158936E1,1.100000024E0,3.120000076E1,2.374743271E-1,3.790092468E0,2.500000000E0,2.700000000E1
1.665257126E2,2.354801214E1,8.728948214E1,8.313755137E1,2.919622803E1,1.100000024E0,2.770000076E1,2.387008457E-1,3.790092468E0,2.500000000E0,2.700000000E1
1.675253208E2,2.354802253E1,8.728948618E1,8.279586811E1,2.885455322E1,1.049999952E0,2.539999962E1,2.399454685E-1,3.790092468E0,2.500000000E0,2.700000000E1
1.685293476E2,2.354803250E1,8.728949173E1,8.341152245E1,2.947021484E1,1.090000033E0,2.950000000E1,2.413779233E-1,3.790092468E0,2.500000000E0,2.700000000E1
1.695283377E2,2.354804353E1,8.728949899E1,8.420759649E1,3.026629639E1,1.080000043E0,2.750000000E1,2.427797347E-1,3.790092468E0,2.500000000E0,2.700000000E1
1.705275586E2,2.354805461E1,8.728950555E1,8.597156564E1,3.203027344E1,1.080000043E0,2.489999962E1,2.442908193E-1,3.790092468E0,2.500000000E0,2.700000000E1
1.715244536E2,2.354806681E1,8.728951208E1,8.547582907E1,3.153454590E1,1.259999990E0,2.560000038E1,2.456640042E-1,3.790092468E0,2.500000000E0,2.500000000E1
1.725283157E2,2.354807783E1,8.728951816E1,8.630864570E1,3.236737061E1,1.059999943E0,3.209999847E1,2.469233829E-1,3.790092468E0,2.500000000E0,2.600000000E1
1.735270786E2,2.354808692E1,8.728952553E1,8.690177985E1,3.296051025E1,1.090000033E0,3.820000076E1,2.481988577E-1,3.790092468E0,2.500000000E0,2.600000000E1
1.745262444E2,2.354809715E1,8.728953119E1,8.776139150E1,3.382012939E1,1.100000024E0,2.860000038E1,2.497288042E-1,3.790092468E0,2.500000000E0,2.600000000E1
1.755271476E2,2.354810997E1,8.728953664E1,8.782851997E1,3.388726807E1,1.110000014E0,2.239999962E1,2.512204608E-1,3.790092468E0,2.500000000E0,2.700000000E1
1.765238937E2,2.354812077E1,8.728954532E1,8.810060813E1,3.415936279E1,1.210000038E0,3.990000153E1,2.525085505E-1,3.790092468E0,2.500000000E0,2.700000000E1
1.775279086E2,2.354812918E1,8.728955401E1,8.871608248E1,3.477484131E1,1.049999952E0,4.320000076E1,2.537524320E-1,3.790092468E0,2.500000000E0,2.600000000E1
1.785279231E2,2.354813572E1,8.728956391E1,8.910810960E1,3.516687012E1,1.080000043E0,4.470000076E1,2.550051924E-1,3.790092468E0,2.500000000E0,2.500000000E1
1.795258882E2,2.354813764E1,8.728957602E1,8.972224939E1,3.578100586E1,1.250000000E0,8.200000000E1,2.560744930E-1,3.790092468E0,2.500000000E0,2.600000000E1
1.805242428E2,2.354813806E1,8.728958650E1,8.871602855E1,3.477478027E1,1.039999962E0,8.700000000E1,2.570596782E-1,3.790092468E0,2.648031712E0,2.600000000E1
1.815267964E2,2.354813983E1,8.728959597E1,8.835934199E1,3.441809082E1,1.070000052E0,8.290000153E1,2.580415498E-1,3.790092468E0,2.504981518E0,2.600000000E1
1.825259607E2,2.354814091E1,8.728960553E1,8.837838859E1,3.443713379E1,1.110000014E0,9.130000305E1,2.590337377E-1,3.790092468E0,2.500000000E0,2.600000000E1
1.835274785E2,2.354814067E1,8.728961526E1,8.822360848E1,3.428234863E1,1.149999976E0,9.140000153E1,2.600359270E-1,3.790092468E0,2.500000000E0,2.600000000E1
1.845242859E2,2.354813881E1,8.728962488E1,8.877811949E1,3.483685303E1,1.139999986E0,1.011999969E2,2.612001349E-1,3.790092468E0,2.500000000E0,2.600000000E1
1.855287899E2,2.354813510E1,8.728963556E1,8.906731307E1,3.512603760E1,1.090000033E0,1.094000015E2,2.622815375E-1,3.790092468E0,2.500000000E0,2.600000000E1
1.865287782E2,2.354813131E1,8.728964533E1,8.900128166E1,3.505999756E1,1.039999962E0,1.154000015E2,2.634045728E-1,3.790092468E0,2.500000000E0,2.600000000E1
1.875297911E2,2.354812666E1,8.728965511E1,8.899891079E1,3.505761719E1,9.700000286E-1,1.170000000E2,2.647170734E-1,3.790092468E0,2.500000000E0,2.400000000E1
1.885237790E2,2.354812048E1,8.728966608E1,8.922414214E1,3.528283691E1,1.039999962E0,1.236999969E2,2.660685949E-1,3.790092468E0,2.500000000E0,2.600000000E1
1.895261100E2,2.354811356E1,8.728967698E1,8.955191327E1,3.561059570E1,1.059999943E0,1.275999985E2,2.674291375E-1,3.790092468E0,2.500000000E0,2.600000000E1
1.905267254E2,2.354810826E1,8.728968901E1,8.963419993E1,3.569287109E1,1.029999971E0,1.140000000E2,2.686587759E-1,3.790092468E0,2.500000000E0,2.600000000E1
1.915267771E2,2.354810240E1,8.728969924E1,8.990496282E1,3.596362305E1,1.039999962E0,1.254000015E2,2.699168993E-1,3.790092468E0,2.529224634E0,2.600000000E1
1.925258503E2,2.354809787E1,8.728971055E1,9.018634503E1,3.624499512E1,1.149999976E0,1.198000031E2,2.710332934E-1,3.790092468E0,2.500000000E0,2.600000000E1
1.935239143E2,2.354809388E1,8.728972060E1,9.019135888E1,3.625000000E1,1.049999952E0,1.196999969E2,2.721147945E-1,3.790092468E0,2.500000000E0,2.600000000E1
1.945284431E2,2.354808910E1,8.728972984E1,8.945772567E1,3.551635742E1,1.059999943E0,1.195000000E2,2.732051493E-1,3.790092468E0,2.500000000E0,2.600000000E1
1.955275416E2,2.354808416E1,8.728973908E1,8.949289145E1,3.555151367E1,1.039999962E0,1.189000015E2,2.742387407E-1,3.790092468E0,2.500000000E0,2.500000000E1
1.965235516E2,2.354807974E1,8.728974800E1,8.937449209E1,3.543310547E1,1.110000014E0,1.185000000E2,2.754726971E-1,3.790092468E0,2.500000000E0,2.500000000E1
1.975241949E2,2.354807417E1,8.728975847E1,8.953288909E1,3.559149170E1,1.090000033E0,1.218000031E2,2.766616937E-1,3.790092468E0,2.500000000E0,2.400000000E1
1.985255895E2,2.354806856E1,8.728976840E1,8.925421311E1,3.531280518E1,1.090000033E0,1.158000031E2,2.778056479E-1,3.790092468E0,2.500000000E0,2.400000000E1
1.995328659E2,2.354806431E1,8.728977862E1,8.915101198E1,3.520959473E1,1.080000043E0,1.190000000E2,2.787804493E-1,3.790092468E0,2.500000000E0,2.400000000E1
2.005274599E2,2.354805965E1,8.728978672E1,8.923213638E1,3.529071045E1,1.059999943E0,1.278000031E2,2.799162461E-1,3.790092468E0,2.500000000E0,2.400000000E1
2.015277271E2,2.354805491E1,8.728979659E1,8.892233157E1,3.498089600E1,1.080000043E0,1.209000015E2,2.811579742E-1,3.790092468E0,2.500000000E0,2.400000000E1
2.025243701E2,2.354805128E1,8.728980811E1,8.900687460E1,3.506542969E1,1.070000052E0,1.186999969E2,2.823226613E-1,3.790092468E0,2.500000000E0,2.400000000E1
2.035293040E2,2.354804751E1,8.728981877E1,8.914183238E1,3.520037842E1,9.300000072E-1,1.160000000E2,2.835797446E-1,3.790092468E0,2.500000000E0,2.500000000E1
2.045260742E2,2.354804101E1,8.728982886E1,8.860314761E1,3.466168213E1,1.049999952E0,1.196999969E2,2.847758692E-1,3.790092468E0,2.502413988E0,2.600000000E1
2.055279625E2,2.354803489E1,8.728983851E1,8.888715511E1,3.494567871E1,1.049999952E0,1.245999985E2,2.859046450E-1,3.790092468E0,2.675405502E0,2.600000000E1
2.065246473E2,2.354803001E1,8.728984822E1,8.917348072E1,3.523199463E1,9.700000286E-1,1.149000015E2,2.871910043E-1,3.790092468E0,2.656658649E0,2.600000000E1
2.075299724E2,2.354802279E1,8.728985808E1,8.946658367E1,3.552508545E1,1.100000024E0,1.244000015E2,2.885989651E-1,3.790092468E0,2.620488405E0,2.600000000E1
2.085266561E2,2.354801586E1,8.728986964E1,8.905070279E1,3.510919189E1,1.059999943E0,1.206999969E2,2.899737890E-1,3.790092468E0,2.852763176E0,2.700000000E1
2.095264392E2,2.354800885E1,8.728988075E1,8.863616454E1,3.469464111E1,1.049999952E0,1.185000000E2,2.914861929E-1,3.790092468E0,3.149562597E0,2.700000000E1
2.105260610E2,2.354800303E1,8.728989416E1,8.865802760E1,3.471649170E1,1.070000052E0,1.153000031E2,2.929996433E-1,3.790092468E0,3.280156136E0,2.700000000E1
2.115243517E2,2.354799601E1,8.728990688E1,8.899831194E1,3.505676270E1,1.100000024E0,1.250000000E2,2.943673856E-1,3.790092468E0,3.145166159E0,2.700000000E1
2.125235541E2,2.354799093E1,8.728991910E1,8.881869661E1,3.487713623E1,1.159999967E0,1.206999969E2,2.956059268E-1,3.790092468E0,3.115083456E0,2.700000000E1
2.135265149E2,2.354798659E1,8.728993029E1,8.968949507E1,3.574792480E1,1.019999981E0,1.121999969E2,2.969276209E-1,3.790092468E0,2.895843744E0,2.700000000E1
2.145281224E2,2.354798141E1,8.728994196E1,9.004912519E1,3.610754395E1,1.110000014E0,1.228000031E2,2.983592973E-1,3.790092468E0,2.807231188E0,2.700000000E1
2.155304531E2,2.354797601E1,8.728995471E1,9.064563349E1,3.670404053E1,1.129999995E0,1.161999969E2,2.997480954E-1,3.790092468E0,2.865707874E0,2.700000000E1
2.165263304E2,2.354796842E1,8.728996553E1,9.114491404E1,3.720330811E1,1.129999995E0,1.215000000E2,3.010518949E-1,3.790092468E0,2.710661650E0,2.700000000E1
2.175255009E2,2.354796350E1,8.728997714E1,9.135421427E1,3.741259766E1,1.129999995E0,1.161999969E2,3.023707437E-1,3.790092468E0,2.781904936E0,2.600000000E1
2.185256306E2,2.354795796E1,8.728998858E1,9.140299258E1,3.746136475E1,1.110000014E0,1.163000031E2,3.035355665E-1,3.790092468E0,2.819684505E0,2.700000000E1
2.195273454E2,2.354795407E1,8.728999919E1,9.140880007E1,3.746716309E1,1.100000024E0,1.141999969E2,3.047780694E-1,3.790092468E0,2.765151739E0,2.700000000E1
2.205263480E2,2.354794882E1,8.729000995E1,9.126427942E1,3.732263184E1,1.190000057E0,1.189000015E2,3.058368706E-1,3.790092468E0,2.743455648E0,2.700000000E1
2.215254952E2,2.354794473E1,8.729001933E1,9.157330916E1,3.763165283E1,1.120000005E0,1.271999969E2,3.071431197E-1,3.790092468E0,2.500000000E0,2.700000000E1
2.225281111E2,2.354793886E1,8.729003043E1,9.190687767E1,3.796520996E1,1.250000000E0,1.275000000E2,3.084207784E-1,3.790092468E0,2.500000000E0,2.700000000E1
2.235226584E2,2.354793306E1,8.729004125E1,9.182461345E1,3.788293457E1,1.159999967E0,1.198000031E2,3.096940593E-1,3.790092468E0,2.500000000E0,2.700000000E1
2.245255540E2,2.354792569E1,8.729005081E1,9.215085849E1,3.820916748E1,1.149999976E0,1.265000000E2,3.109648249E-1,3.790092468E0,2.500000000E0,2.700000000E1
2.255274443E2,2.354791858E1,8.729006057E1,9.241039195E1,3.846868896E1,1.149999976E0,1.231999969E2,3.122741628E-1,3.790092468E0,2.500000000E0,2.600000000E1
2.265284376E2,2.354791152E1,8.729007085E1,9.289038459E1,3.894866943E1,1.139999986E0,1.250000000E2,3.134398172E-1,3.790092468E0,2.500000000E0,2.500000000E1
2.275292456E2,2.354790581E1,8.729008044E1,9.332325640E1,3.938153076E1,1.059999943E0,1.271999969E2,3.147101950E-1,3.790092468E0,2.500000000E0,2.500000000E1
2.285243359E2,2.354790003E1,8.729009119E1,9.344533783E1,3.950360107E1,1.129999995E0,1.230000000E2,3.158680917E-1,3.790092468E0,2.500000000E0,2.400000000E1
2.295280880E2,2.354789686E1,8.729010201E1,9.366379119E1,3.972204590E1,1.129999995E0,1.120000000E2,3.169588929E-1,3.790092468E0,2.500000000E0,2.300000000E1
2.305279777E2,2.354789455E1,8.729011241E1,9.370011456E1,3.975836182E1,1.100000024E0,1.060999985E2,3.181233293E-1,3.790092468E0,2.500000000E0,2.200000000E1
2.315283940E2,2.354789006E1,8.729012273E1,9.377666226E1,3.983489990E1,1.169999957E0,1.155999985E2,3.191767077E-1,3.790092468E0,2.500000000E0,2.300000000E1
2.325257311E2,2.354788580E1,8.729013196E1,9.403912227E1,4.009735107E1,1.169999957E0,1.216999969E2,3.202654307E-1,3.790092468E0,2.500000000E0,2.100000000E1
2.335258140E2,2.354788129E1,8.729014144E1,9.376142153E1,3.981964111E1,1.100000024E0,1.214000015E2,3.213609899E-1,3.790092468E0,2.500000000E0,2.100000000E1
2.345258481E2,2.354787632E1,8.729015072E1,9.372047652E1,3.977868652E1,1.129999995E0,1.216999969E2,3.225551693E-1,3.790092468E0,2.500000000E0,2.000000000E1
2.355264912E2,2.354787167E1,8.729016128E1,9.357619930E1,3.963439941E1,1.149999976E0,1.201999969E2,3.236085555E-1,3.790092468E0,2.500000000E0,2.100000000E1
2.365268169E2,2.354786732E1,8.729017046E1,9.342819795E1,3.948638916E1,1.120000005E0,1.256999969E2,3.246747735E-1,3.790092468E0,2.500000000E0,2.100000000E1
2.375246606E2,2.354786345E1,8.729018003E1,9.322251810E1,3.928070068E1,1.169999957E0,1.234000015E2,3.258059498E-1,3.790092468E0,2.500000000E0,2.200000000E1
2.385237315E2,2.354786262E1,8.729019109E1,9.297002195E1,3.902819824E1,1.110000014E0,1.135999985E2,3.269441890E-1,3.790092468E0,2.500000000E0,2.200000000E1
2.395255304E2,2.354786086E1,8.729020209E1,9.302728013E1,3.908544922E1,1.159999967E0,1.140999985E2,3.281359172E-1,3.790092468E0,2.500000000E0,2.200000000E1
2.405257401E2,2.354785788E1,8.729021332E1,9.293970322E1,3.899786377E1,1.110000014E0,1.224000015E2,3.292936618E-1,3.790092468E0,2.500000000E0,2.300000000E1
2.415258266E2,2.354785730E1,8.729022466E1,9.291022943E1,3.896838379E1,1.129999995E0,1.164000015E2,3.304203412E-1,3.790092468E0,2.500000000E0,2.200000000E1
2.425289665E2,2.354785372E1,8.729023500E1,9.280324350E1,3.886138916E1,1.100000024E0,1.250000000E2,3.315135426E-1,3.790092468E0,2.500000000E0,1.900000000E1
2.435224884E2,2.354785132E1,8.729024540E1,9.235134676E1,3.840948486E1,1.120000005E0,1.206999969E2,3.327716729E-1,3.790092468E0,2.500000000E0,1.800000000E1
2.445270978E2,2.354784769E1,8.729025709E1,9.230875364E1,3.836688232E1,1.100000024E0,1.200000000E2,3.340049087E-1,3.790092468E0,2.597872496E0,1.800000000E1
2.455270271E2,2.354784271E1,8.729026790E1,9.277238703E1,3.883050537E1,1.149999976E0,1.255000000E2,3.352512493E-1,3.790092468E0,2.501636028E0,1.800000000E1
2.465277871E2,2.354783737E1,8.729027865E1,9.285375758E1,3.891186523E1,1.259999990E0,1.280000000E2,3.364482836E-1,3.790092468E0,2.536937237E0,1.800000000E1
2.475254869E2,2.354783391E1,8.729028977E1,9.286975776E1,3.892785645E1,1.159999967E0,1.223000031E2,3.376886683E-1,3.790092468E0,2.500000000E0,1.800000000E1
2.485280586E2,2.354782886E1,8.729030062E1,9.296064954E1,3.901873779E1,1.159999967E0,1.243000031E2,3.389160986E-1,3.790092468E0,2.745933533E0,1.800000000E1
2.495244603E2,2.354782161E1,8.729030970E1,9.311800995E1,3.917608643E1,1.149999976E0,1.325000000E2,3.400569676E-1,3.790092468E0,2.948233604E0,1.800000000E1
2.505279840E2,2.354781629E1,8.729031927E1,9.320047853E1,3.925854492E1,1.169999957E0,1.231999969E2,3.411790020E-1,3.790092468E0,3.007496595E0,1.800000000E1
2.515280378E2,2.354781098E1,8.729032863E1,9.290239279E1,3.896044922E1,1.090000033E0,1.286000061E2,3.424033181E-1,3.790092468E0,2.869531870E0,1.700000000E1
2.525266175E2,2.354780658E1,8.729033964E1,9.342004181E1,3.947808838E1,1.139999986E0,1.203000031E2,3.436397393E-1,3.790092468E0,2.789629221E0,1.800000000E1
2.535288144E2,2.354780216E1,8.729035077E1,9.315314501E1,3.921118164E1,1.159999967E0,1.186999969E2,3.448449518E-1,3.790092468E0,2.781801462E0,1.800000000E1
2.545288099E2,2.354779611E1,8.729036058E1,9.294081464E1,3.899884033E1,1.179999948E0,1.225000000E2,3.461221785E-1,3.790092468E0,2.638346434E0,1.800000000E1
2.555237038E2,2.354779087E1,8.729037173E1,9.315072532E1,3.920874023E1,1.169999957E0,1.106999969E2,3.472868675E-1,3.790092468E0,2.673110247E0,1.800000000E1
2.565236398E2,2.354778710E1,8.729038239E1,9.321067090E1,3.926867676E1,1.149999976E0,1.091999969E2,3.485356662E-1,3.790092468E0,2.714734554E0,1.800000000E1
2.575257374E2,2.354778274E1,8.729039368E1,9.295305146E1,3.901104736E1,1.149999976E0,1.120999985E2,3.498044105E-1,3.790092468E0,2.859034300E0,1.800000000E1
2.585259951E2,2.354777685E1,8.729040434E1,9.320825064E1,3.926623535E1,1.179999948E0,1.190999985E2,3.508327847E-1,3.790092468E0,2.906340837E0,1.800000000E1
2.595282713E2,2.354777130E1,8.729041241E1,9.421808687E1,4.027606201E1,1.129999995E0,1.205999985E2,3.519815448E-1,3.790092468E0,2.981932402E0,1.800000000E1
2.605250601E2,2.354776683E1,8.729042257E1,9.412996162E1,4.018792725E1,1.149999976E0,1.135000000E2,3.531885373E-1,3.790092468E0,3.192362547E0,1.800000000E1
2.615260139E2,2.354776238E1,8.729043337E1,9.420840161E1,4.026635742E1,1.059999943E0,1.174000015E2,3.544943206E-1,3.790092468E0,3.228482723E0,1.800000000E1
2.625276193E2,2.354775815E1,8.729044532E1,9.429532582E1,4.035327148E1,1.100000024E0,1.178000031E2,3.558313158E-1,3.790092468E0,3.303417683E0,1.800000000E1
2.635273552E2,2.354775203E1,8.729045661E1,9.387279117E1,3.993072510E1,1.149999976E0,1.263000031E2,3.571652770E-1,3.790092468E0,3.446791887E0,1.800000000E1
2.645271863E2,2.354774653E1,8.729046824E1,9.374395723E1,3.980187988E1,1.139999986E0,1.236999969E2,3.584665949E-1,3.790092468E0,3.796380043E0,1.800000000E1
2.655280483E2,2.354773903E1,8.729047804E1,9.314899891E1,3.920690918E1,1.149999976E0,1.336000061E2,3.597347448E-1,3.790092468E0,4.058313370E0,1.700000000E1
2.665231430E2,2.354773312E1,8.729048868E1,9.300472301E1,3.906262207E1,1.129999995E0,1.275999985E2,3.610318329E-1,3.790092468E0,4.294142246E0,1.700000000E1
2.675240595E2,2.354772887E1,8.729050053E1,9.239377122E1,3.845166016E1,1.139999986E0,1.290000000E2,3.626378810E-1,3.790092468E0,4.016523838E0,1.700000000E1
2.685290832E2,2.354772633E1,8.729051604E1,9.196928192E1,3.802716064E1,1.179999948E0,1.140000000E2,3.640137601E-1,3.790092468E0,3.954983711E0,2.200000000E1
2.695265457E2,2.354772081E1,8.729052812E1,9.124926171E1,3.730712891E1,1.159999967E0,1.268000031E2,3.654411333E-1,3.790092468E0,3.694891214E0,2.400000000E1
2.705266407E2,2.354771521E1,8.729054072E1,9.107868030E1,3.713653564E1,1.149999976E0,1.164000015E2,3.667537253E-1,3.790092468E0,3.416722775E0,2.600000000E1
2.715259328E2,2.354770950E1,8.729055199E1,9.045308126E1,3.651092529E1,1.129999995E0,1.196999969E2,3.679631008E-1,3.790092468E0,3.268371582E0,2.600000000E1
2.725241278E2,2.354770277E1,8.729056131E1,9.015615660E1,3.621398926E1,1.129999995E0,1.195000000E2,3.692623446E-1,3.790092468E0,3.087962866E0,2.600000000E1
2.735299989E2,2.354769585E1,8.729057158E1,8.989206951E1,3.594989014E1,1.210000038E0,1.194000015E2,3.704832429E-1,3.790092468E0,2.935328484E0,2.600000000E1
2.745253640E2,2.354768926E1,8.729058116E1,8.965337238E1,3.571118164E1,1.169999957E0,1.238000031E2,3.717705451E-1,3.790092468E0,2.782198191E0,2.600000000E1
2.755283053E2,2.354768064E1,8.729058959E1,8.895972067E1,3.501751709E1,1.149999976E0,1.234000015E2,3.731136579E-1,3.790092468E0,2.599243879E0,2.600000000E1
2.765289534E2,2.354767165E1,8.729059839E1,8.789070330E1,3.394848633E1,1.220000029E0,1.186999969E2,3.743601508E-1,3.790092468E0,2.500000000E0,2.500000000E1
2.775282345E2,2.354766360E1,8.729060690E1,8.689315700E1,3.295092773E1,1.179999948E0,1.196999969E2,3.757260630E-1,3.790092468E0,2.500000000E0,2.300000000E1
2.785239238E2,2.354765503E1,8.729061650E1,8.690061666E1,3.295837402E1,1.190000057E0,1.298000031E2,3.770072085E-1,3.790092468E0,2.500000000E0,2.300000000E1
2.795292749E2,2.354764721E1,8.729062573E1,8.681029705E1,3.286804199E1,1.159999967E0,1.256999969E2,3.781889906E-1,3.790092468E0,2.500000000E0,2.200000000E1
2.805279039E2,2.354764066E1,8.729063486E1,8.633624810E1,3.239398193E1,1.159999967E0,1.225999985E2,3.795672567E-1,3.790092468E0,2.500000000E0,2.200000000E1
2.815284050E2,2.354763300E1,8.729064549E1,8.600520637E1,3.206292725E1,1.200000048E0,1.211999969E2,3.809186280E-1,3.790092468E0,2.500000000E0,2.200000000E1
2.825281087E2,2.354762672E1,8.729065684E1,8.619326761E1,3.225097656E1,1.200000048E0,1.214000015E2,3.823638225E-1,3.790092468E0,2.500000000E0,2.200000000E1
2.835244218E2,2.354761930E1,8.729066848E1,8.581504596E1,3.187274170E1,1.220000029E0,1.194000015E2,3.837750841E-1,3.790092468E0,2.500000000E0,2.100000000E1
2.845295887E2,2.354761151E1,8.729067941E1,8.544457580E1,3.150225830E1,1.200000048E0,1.193000031E2,3.851076679E-1,3.790092468E0,2.500000000E0,2.200000000E1
2.855276337E2,2.354760515E1,8.729069049E1,8.494355007E1,3.100122070E1,1.129999995E0,1.196999969E2,3.864386572E-1,3.790092468E0,2.500000000E0,2.200000000E1
2.865276250E2,2.354759938E1,8.729070193E1,8.466365431E1,3.072131348E1,1.220000029E0,1.193000031E2,3.877718388E-1,3.790092468E0,2.500000000E0,2.200000000E1
2.875286682E2,2.354759191E1,8.729071216E1,8.482620350E1,3.088385010E1,1.200000048E0,1.245999985E2,3.891051802E-1,3.790092468E0,2.500000000E0,2.200000000E1
2.885277415E2,2.354758500E1,8.729072285E1,8.486283682E1,3.092047119E1,1.220000029E0,1.190000000E2,3.902661465E-1,3.790092468E0,2.500000000E0,2.200000000E1
2.895233183E2,2.354758030E1,8.729073302E1,8.456359121E1,3.062121582E1,1.149999976E0,1.141999969E2,3.915682105E-1,3.790092468E0,2.500000000E0,2.300000000E1
2.905251083E2,2.354757298E1,8.729074299E1,8.532404051E1,3.138165283E1,1.269999981E0,1.240999985E2,3.927710210E-1,3.790092468E0,2.500000000E0,2.300000000E1
2.915268191E2,2.354756649E1,8.729075243E1,8.561464008E1,3.167224121E1,1.179999948E0,1.223000031E2,3.939773836E-1,3.790092468E0,2.500000000E0,2.200000000E1
2.925276697E2,2.354756049E1,8.729076229E1,8.544063976E1,3.149822998E1,1.190000057E0,1.220999985E2,3.951984433E-1,3.790092468E0,2.500000000E0,2.200000000E1
2.935290844E2,2.354755373E1,8.729077173E1,8.643997984E1,3.249755859E1,1.190000057E0,1.206999969E2,3.964260279E-1,3.790092468E0,2.500000000E0,2.300000000E1
2.945251452E2,2.354754725E1,8.729078148E1,8.613566989E1,3.219323730E1,1.289999962E0,1.203000031E2,3.975675050E-1,3.790092468E0,2.500000000E0,2.300000000E1
2.955256907E2,2.354754183E1,8.729079099E1,8.551745494E1,3.157501221E1,1.240000010E0,1.125999985E2,3.990047955E-1,3.790092468E0,2.500000000E0,2.300000000E1
2.965274864E2,2.354753463E1,8.729080270E1,8.524750948E1,3.130505371E1,1.250000000E0,1.196999969E2,4.003541777E-1,3.790092468E0,2.500000000E0,2.400000000E1
2.975272969E2,2.354752840E1,8.729081406E1,8.530355163E1,3.136108398E1,1.279999971E0,1.171999969E2,4.014662874E-1,3.790092468E0,2.500000000E0,2.400000000E1
2.985277777E2,2.354752345E1,8.729082354E1,8.551108083E1,3.156860352E1,1.169999957E0,1.205000000E2,4.027053688E-1,3.790092468E0,2.500000000E0,2.400000000E1
2.995283044E2,2.354751782E1,8.729083403E1,8.543662879E1,3.149414062E1,1.250000000E0,1.165000000E2,4.039192127E-1,3.790092468E0,2.500000000E0,2.400000000E1
3.005256724E2,2.354751174E1,8.729084392E1,8.533666421E1,3.139416504E1,1.200000048E0,1.230999985E2,4.050435383E-1,3.790092468E0,2.500000000E0,2.500000000E1
3.015253871E2,2.354750691E1,8.729085361E1,8.555023587E1,3.160772705E1,1.159999967E0,1.195999985E2,4.062973806E-1,3.790092468E0,2.500000000E0,2.500000000E1
3.025309022E2,2.354750172E1,8.729086453E1,8.546272207E1,3.152020264E1,1.220000029E0,1.223000031E2,4.075303067E-1,3.790092468E0,2.500000000E0,2.500000000E1
3.035280790E2,2.354749682E1,8.729087538E1,8.522817426E1,3.128564453E1,1.220000029E0,1.195000000E2,4.086893318E-1,3.790092468E0,2.500000000E0,2.500000000E1
3.045265485E2,2.354749101E1,8.729088482E1,8.498001582E1,3.103747559E1,1.169999957E0,1.240000000E2,4.098681095E-1,3.790092468E0,2.500000000E0,2.500000000E1
3.055283144E2,2.354748490E1,8.729089427E1,8.482066385E1,3.087811279E1,1.269999981E0,1.179000015E2,4.110863788E-1,3.790092468E0,2.500000000E0,2.500000000E1
3.065242837E2,2.354747783E1,8.729090340E1,8.457183514E1,3.062927246E1,1.259999990E0,1.193000031E2,4.123375207E-1,3.790092468E0,2.500000000E0,2.500000000E1
3.075246975E2,2.354747240E1,8.729091415E1,8.435205832E1,3.040948486E1,1.269999981E0,1.171999969E2,4.133928150E-1,3.790092468E0,2.500000000E0,2.500000000E1
3.085278267E2,2.354746641E1,8.729092218E1,8.451271285E1,3.057012939E1,1.179999948E0,1.253000031E2,4.143616526E-1,3.790092468E0,2.500000000E0,2.500000000E1
3.095283623E2,2.354746172E1,8.729093019E1,8.455147885E1,3.060888672E1,1.169999957E0,1.200999985E2,4.156352783E-1,3.790092468E0,2.500000000E0,2.500000000E1
3.105261133E2,2.354745400E1,8.729093942E1,8.471067087E1,3.076806641E1,1.279999971E0,1.261999969E2,4.170743626E-1,3.790092468E0,2.500000000E0,2.500000000E1
3.115251460E2,2.354744708E1,8.729095135E1,8.428600111E1,3.034338379E1,1.389999986E0,1.173000031E2,4.185089609E-1,3.790092468E0,2.500000000E0,2.500000000E1
3.125303323E2,2.354743954E1,8.729096277E1,8.429645135E1,3.035382080E1,1.320000052E0,1.230999985E2,4.197357896E-1,3.790092468E0,2.500000000E0,2.400000000E1
3.135222783E2,2.354743233E1,8.729097188E1,8.448622141E1,3.054357910E1,1.269999981E0,1.191999969E2,4.208790322E-1,3.790092468E0,2.500000000E0,2.400000000E1
3.145250501E2,2.354742688E1,8.729098139E1,8.450063589E1,3.055798340E1,1.220000029E0,1.196999969E2,4.221637290E-1,3.790092468E0,2.500000000E0,2.500000000E1
3.155274573E2,2.354742079E1,8.729099210E1,8.476901890E1,3.082635498E1,1.230000019E0,1.210999985E2,4.235667621E-1,3.790092468E0,2.500000000E0,2.500000000E1
3.165257116E2,2.354741410E1,8.729100377E1,8.501878726E1,3.107611084E1,1.269999981E0,1.215999985E2,4.250265794E-1,3.790092468E0,2.500000000E0,2.500000000E1
3.175269670E2,2.354740702E1,8.729101583E1,8.537725981E1,3.143457031E1,1.370000005E0,1.184000015E2,4.263765144E-1,3.790092468E0,2.500000000E0,2.600000000E1
3.185267459E2,2.354740113E1,8.729102741E1,8.526807957E1,3.132537842E1,1.230000019E0,1.198000031E2,4.277447287E-1,3.790092468E0,2.500000000E0,2.600000000E1
3.195276893E2,2.354739480E1,8.729103892E1,8.529848714E1,3.135577393E1,1.330000043E0,1.233000031E2,4.291031014E-1,3.790092468E0,2.500000000E0,2.700000000E1
3.205254090E2,2.354738882E1,8.729105054E1,8.533768347E1,3.139495850E1,1.250000000E0,1.218000031E2,4.305721496E-1,3.790092468E0,2.500000000E0,2.700000000E1
3.215224933E2,2.354738215E1,8.729106298E1,8.523070170E1,3.128796387E1,1.330000043E0,1.175000000E2,4.320973332E-1,3.790092468E0,2.500000000E0,2.700000000E1
3.225251457E2,2.354737517E1,8.729107586E1,8.475757056E1,3.081481934E1,1.309999943E0,1.215000000E2,4.335594982E-1,3.790092468E0,2.500000000E0,2.700000000E1
3.235272578E2,2.354736856E1,8.729108826E1,8.507832309E1,3.113555908E1,1.350000024E0,1.166999969E2,4.351179642E-1,3.790092468E0,2.500000000E0,2.800000000E1
3.245268012E2,2.354736247E1,8.729110203E1,8.499618270E1,3.105340576E1,1.370000005E0,1.164000015E2,4.363567501E-1,3.790092468E0,2.500000000E0,2.800000000E1
3.255271888E2,2.354735760E1,8.729111296E1,8.489951332E1,3.095672607E1,1.169999957E0,1.261999969E2,4.377429328E-1,3.790092468E0,2.500000000E0,2.800000000E1
3.265289693E2,2.354735049E1,8.729112413E1,8.522398889E1,3.128118896E1,1.299999952E0,1.265000000E2,4.392966795E-1,3.790092468E0,2.500000000E0,2.800000000E1
3.275285739E2,2.354734402E1,8.729113764E1,8.515771790E1,3.121490479E1,1.360000014E0,1.199000015E2,4.407528660E-1,3.790092468E0,2.500000000E0,2.800000000E1
3.285273752E2,2.354733602E1,8.729114895E1,8.561616660E1,3.167333984E1,1.259999990E0,1.321000061E2,4.422321056E-1,3.790092468E0,2.500000000E0,2.800000000E1
3.295271587E2,2.354732876E1,8.729116111E1,8.561794993E1,3.167510986E1,1.309999943E0,1.214000015E2,4.436870661E-1,3.790092468E0,2.500000000E0,2.800000000E1
3.305224509E2,2.354732346E1,8.729117416E1,8.568980010E1,3.174694824E1,1.220000029E0,1.205999985E2,4.451987169E-1,3.790092468E0,2.500000000E0,2.800000000E1
3.315262683E2,2.354731903E1,8.729118818E1,8.555693795E1,3.161407471E1,1.250000000E0,1.205999985E2,4.467354180E-1,3.790092468E0,2.500000000E0,2.800000000E1
3.325266644E2,2.354731170E1,8.729120096E1,8.605487645E1,3.211199951E1,1.250000000E0,1.223000031E2,4.481717633E-1,3.790092468E0,2.500000000E0,2.800000000E1
3.335272821E2,2.354730505E1,8.729121304E1,8.627943745E1,3.233654785E1,1.200000048E0,1.218000031E2,4.496301851E-1,3.790092468E0,2.500000000E0,2.800000000E1
3.345255274E2,2.354729894E1,8.729122570E1,8.642861978E1,3.248571777E1,1.259999990E0,1.215999985E2,4.509346086E-1,3.790092468E0,2.500000000E0,2.700000000E1
3.355251916E2,2.354729290E1,8.729123667E1,8.646940277E1,3.252648926E1,1.269999981E0,1.201999969E2,4.521055102E-1,3.790092468E0,2.500000000E0,2.800000000E1
3.365235449E2,2.354728797E1,8.729124682E1,8.648302359E1,3.254010010E1,1.210000038E0,1.188000031E2,4.533115469E-1,3.790092468E0,2.500000000E0,2.800000000E1
3.375268936E2,2.354728153E1,8.729125634E1,8.674524181E1,3.280230713E1,1.210000038E0,1.230999985E2,4.543976588E-1,3.790092468E0,2.500000000E0,2.800000000E1
3.385262805E2,2.354727605E1,8.729126516E1,8.667060569E1,3.272766113E1,1.200000048E0,1.236999969E2,4.556933646E-1,3.790092468E0,2.500000000E0,2.800000000E1
3.395269376E2,2.354726992E1,8.729127597E1,8.658138381E1,3.263842773E1,1.269999981E0,1.214000015E2,4.570963066E-1,3.790092468E0,2.500000000E0,2.800000000E1
3.405281410E2,2.354726313E1,8.729128757E1,8.688870839E1,3.294573975E1,1.269999981E0,1.215000000E2,4.585077373E-1,3.790092468E0,2.500000000E0,2.800000000E1
3.415277071E2,2.354725711E1,8.729129976E1,8.659385963E1,3.265087891E1,1.230000019E0,1.200000000E2,4.597455108E-1,3.790092468E0,2.500000000E0,2.800000000E1
3.425219346E2,2.354725168E1,8.729131036E1,8.649999827E1,3.255700684E1,1.120000005E0,1.178000031E2,4.611790145E-1,3.790092468E0,2.500000000E0,2.800000000E1
3.435240511E2,2.354724426E1,8.729132186E1,8.623395918E1,3.229095459E1,1.279999971E0,1.221999969E2,4.625894326E-1,3.790092468E0,2.500000000E0,2.800000000E1
3.445276839E2,2.354723746E1,8.729133354E1,8.614919396E1,3.220617676E1,1.279999971E0,1.219000015E2,4.639443143E-1,3.790092468E0,2.500000000E0,2.800000000E1
3.455281835E2,2.354723054E1,8.729134448E1,8.620999735E1,3.226696777E1,1.259999990E0,1.210999985E2,4.651738455E-1,3.790092468E0,2.500000000E0,2.800000000E1
3.465273126E2,2.354722523E1,8.729135506E1,8.608177307E1,3.213873291E1,1.210000038E0,1.235999985E2,4.664862764E-1,3.790092468E0,2.500000000E0,2.800000000E1
3.475274420E2,2.354721949E1,8.729136631E1,8.549419896E1,3.155114746E1,1.179999948E0,1.226999969E2,4.678447203E-1,3.790092468E0,2.500000000E0,2.800000000E1
3.485274572E2,2.354721346E1,8.729137790E1,8.491095880E1,3.096789551E1,1.240000010E0,1.188000031E2,4.692141904E-1,3.790092468E0,2.500000000E0,2.700000000E1
3.495239499E2,2.354720670E1,8.729138913E1,8.505812692E1,3.111505127E1,1.279999971E0,1.198000031E2,4.705257915E-1,3.790092468E0,2.500000000E0,2.700000000E1
3.505262200E2,2.354720235E1,8.729140109E1,8.502597169E1,3.108288574E1,1.289999962E0,1.165999985E2,4.718852818E-1,3.790092468E0,2.500000000E0,2.800000000E1
3.515268133E2,2.354719694E1,8.729141305E1,8.512724037E1,3.118414307E1,1.179999948E0,1.213000031E2,4.731774980E-1,3.790092468E0,2.500000000E0,2.800000000E1
3.525270496E2,2.354719209E1,8.729142457E1,8.527367429E1,3.133056641E1,1.169999957E0,1.216999969E2,4.746034174E-1,3.790092468E0,2.500000000E0,2.800000000E1
3.535265669E2,2.354718462E1,8.729143594E1,8.565741546E1,3.171429443E1,1.169999957E0,1.230999985E2,4.758307034E-1,3.790092468E0,2.500000000E0,2.800000000E1
3.545270036E2,2.354717892E1,8.729144625E1,8.561634963E1,3.167321777E1,1.220000029E0,1.190999985E2,4.771220826E-1,3.790092468E0,2.500000000E0,2.900000000E1
3.555236672E2,2.354717324E1,8.729145730E1,8.565615574E1,3.171301270E1,1.169999957E0,1.194000015E2,4.784227443E-1,3.790092468E0,2.500000000E0,2.900000000E1
3.565272625E2,2.354716779E1,8.729146859E1,8.534000470E1,3.139685059E1,1.179999948E0,1.219000015E2,4.796520334E-1,3.790092468E0,2.500000000E0,2.900000000E1
3.575268557E2,2.354716388E1,8.729147987E1,8.488249468E1,3.093933105E1,1.110000014E0,1.178000031E2,4.809780329E-1,3.790092468E0,2.500000000E0,2.900000000E1
3.585268415E2,2.354715817E1,8.729149129E1,8.523644894E1,3.129327393E1,1.169999957E0,1.201999969E2,4.821477209E-1,3.790092468E0,2.500000000E0,2.900000000E1
3.595272613E2,2.354715311E1,8.729150135E1,8.551068997E1,3.156750488E1,1.159999967E0,1.204000015E2,4.833194109E-1,3.790092468E0,2.500000000E0,2.900000000E1
3.605247185E2,2.354714847E1,8.729151167E1,8.546882963E1,3.152563477E1,1.159999967E0,1.169000015E2,4.843887678E-1,3.790092468E0,2.500000000E0,2.800000000E1
3.615277686E2,2.354714447E1,8.729152121E1,8.557223193E1,3.162902832E1,1.190000057E0,1.171999969E2,4.856275185E-1,3.790092468E0,2.500000000E0,2.800000000E1
3.625269646E2,2.354713850E1,8.729153147E1,8.590976742E1,3.196655273E1,1.220000029E0,1.216999969E2,4.867556995E-1,3.790092468E0,2.500000000E0,2.800000000E1
3.635243575E2,2.354713286E1,8.729154067E1,8.606566144E1,3.212243652E1,1.190000057E0,1.228000031E2,4.879255670E-1,3.790092468E0,2.500000000E0,2.800000000E1
3.645247525E2,2.354712734E1,8.729155044E1,8.638732710E1,3.244409180E1,1.169999957E0,1.200000000E2,4.891660849E-1,3.790092468E0,2.500000000E0,2.800000000E1
3.655231245E2,2.354712447E1,8.729156220E1,8.668128112E1,3.273803711E1,1.200000048E0,1.055000000E2,4.904025115E-1,3.790092468E0,2.500000000E0,2.800000000E1
3.665264533E2,2.354712005E1,8.729157333E1,8.579268023E1,3.184942627E1,1.110000014E0,1.130000000E2,4.914325213E-1,3.790092468E0,2.500000000E0,2.800000000E1
3.675256224E2,2.354711593E1,8.729158238E1,8.549776698E1,3.155450439E1,1.149999976E0,1.231999969E2,4.952608471E-1,3.790092468E0,2.500000000E0,2.800000000E1
3.685275240E2,2.354708366E1,8.729156929E1,9.166423587E1,3.772094727E1,4.030000210E0,2.005000000E2,4.985978720E-1,3.790092468E0,2.500000000E0,2.800000000E1
3.695279436E2,2.354708148E1,8.729153664E1,9.568344800E1,4.174017334E1,3.170000076E0,2.693999939E2,5.001546727E-1,3.790092468E0,2.500000000E0,2.700000000E1
3.705271651E2,2.354708989E1,8.729152443E1,9.406587978E1,4.012261963E1,1.269999981E0,2.957000122E2,5.013813376E-1,3.790092468E0,2.500000000E0,2.600000000E1
3.715281716E2,2.354709836E1,8.729151672E1,9.404645826E1,4.010321045E1,1.129999995E0,2.967999878E2,5.024333804E-1,3.790092468E0,2.500000000E0,2.600000000E1
3.725271136E2,2.354710484E1,8.729150920E1,9.397863796E1,4.003540039E1,1.070000052E0,2.976000061E2,5.035173003E-1,3.790092468E0,2.500000000E0,2.500000000E1
3.735260623E2,2.354711162E1,8.729150156E1,9.373589054E1,3.979266357E1,1.080000043E0,2.980000000E2,5.046084225E-1,3.790092468E0,2.500000000E0,2.700000000E1
3.745261870E2,2.354711740E1,8.729149291E1,9.380210359E1,3.985888672E1,1.059999943E0,2.985000000E2,5.058134093E-1,3.790092468E0,2.500000000E0,2.700000000E1
3.755269986E2,2.354712297E1,8.729148277E1,9.408267158E1,4.013946533E1,1.200000048E0,2.960000000E2,5.067719509E-1,3.790092468E0,2.500000000E0,2.700000000E1
3.765254535E2,2.354712797E1,8.729147511E1,9.364955729E1,3.970635986E1,1.070000052E0,3.012000122E2,5.078488911E-1,3.790092468E0,2.500000000E0,2.700000000E1
3.775261582E2,2.354713498E1,8.729146782E1,9.393921948E1,3.999603271E1,1.149999976E0,3.132000122E2,5.088406137E-1,3.790092468E0,2.500000000E0,2.900000000E1
3.785253008E2,2.354714149E1,8.729146117E1,9.369494694E1,3.975177002E1,1.070000052E0,3.028999939E2,5.097782254E-1,3.790092468E0,2.500000000E0,2.900000000E1
3.795275847E2,2.354714606E1,8.729145344E1,9.382054887E1,3.987738037E1,1.120000005E0,3.026000061E2,5.110723904E-1,3.790092468E0,2.500000000E0,2.900000000E1
3.805270097E2,2.354715231E1,8.729144273E1,9.386124773E1,3.991809082E1,1.190000057E0,2.977000122E2,5.122565034E-1,3.790092468E0,2.500000000E0,2.900000000E1
3.815252343E2,2.354715849E1,8.729143327E1,9.391757228E1,3.997442627E1,1.110000014E0,3.026000061E2,5.134014428E-1,3.790092468E0,2.500000000E0,2.900000000E1
3.825246556E2,2.354716608E1,8.729142568E1,9.340657456E1,3.946343994E1,1.120000005E0,3.082999878E2,5.144847336E-1,3.790092468E0,2.500000000E0,2.900000000E1
3.835243484E2,2.354717309E1,8.729141830E1,9.308863172E1,3.914550781E1,1.080000043E0,2.988999939E2,5.155195083E-1,3.790092468E0,2.500000000E0,2.600000000E1
3.845269197E2,2.354717975E1,8.729141121E1,9.267297210E1,3.872985840E1,1.080000043E0,3.007000122E2,NaN,3.790092468E0,2.500000000E0,2.600000000E1
